Geographic Area,Year,Date_Key,Public Insured
United States,2019,12/31/2019,114315000
Alabama,2019,12/31/2019,1797000
Alaska,2019,12/31/2019,248000
Arizona,2019,12/31/2019,2750000
Arkansas,2019,12/31/2019,1303000
California,2019,12/31/2019,14749000
Colorado,2019,12/31/2019,1785000
Connecticut,2019,12/31/2019,1303000
Delaware,2019,12/31/2019,378000
District of Columbia,2019,12/31/2019,238000
Florida,2019,12/31/2019,7780000
Georgia,2019,12/31/2019,3272000
Hawaii,2019,12/31/2019,493000
Idaho,2019,12/31/2019,573000
Illinois,2019,12/31/2019,4184000
Indiana,2019,12/31/2019,2232000
Iowa,2019,12/31/2019,1123000
Kansas,2019,12/31/2019,845000
Kentucky,2019,12/31/2019,1893000
Louisiana,2019,12/31/2019,2013000
Maine,2019,12/31/2019,513000
Maryland,2019,12/31/2019,1991000
Massachusetts,2019,12/31/2019,2461000
Michigan,2019,12/31/2019,3829000
Minnesota,2019,12/31/2019,1835000
Mississippi,2019,12/31/2019,1145000
Missouri,2019,12/31/2019,1941000
Montana,2019,12/31/2019,428000
Nebraska,2019,12/31/2019,539000
Nevada,2019,12/31/2019,1028000
New Hampshire,2019,12/31/2019,431000
New Jersey,2019,12/31/2019,2778000
New Mexico,2019,12/31/2019,1031000
New York,2019,12/31/2019,7611000
North Carolina,2019,12/31/2019,3587000
North Dakota,2019,12/31/2019,202000
Ohio,2019,12/31/2019,4283000
Oklahoma,2019,12/31/2019,1337000
Oregon,2019,12/31/2019,1606000
Pennsylvania,2019,12/31/2019,4732000
Rhode Island,2019,12/31/2019,378000
South Carolina,2019,12/31/2019,1875000
South Dakota,2019,12/31/2019,267000
Tennessee,2019,12/31/2019,2431000
Texas,2019,12/31/2019,8076000
Utah,2019,12/31/2019,657000
Vermont,2019,12/31/2019,259000
Virginia,2019,12/31/2019,2551000
Washington,2019,12/31/2019,2641000
West Virginia,2019,12/31/2019,838000
Wisconsin,2019,12/31/2019,1907000
Wyoming,2019,12/31/2019,166000
United States,2018,12/31/2018,114750000
Alabama,2018,12/31/2018,1790000
Alaska,2018,12/31/2018,247000
Arizona,2018,12/31/2018,2776000
Arkansas,2018,12/31/2018,1307000
California,2018,12/31/2018,14995000
Colorado,2018,12/31/2018,1832000
Connecticut,2018,12/31/2018,1261000
Delaware,2018,12/31/2018,379000
District of Columbia,2018,12/31/2018,248000
Florida,2018,12/31/2018,7790000
Georgia,2018,12/31/2018,3220000
Hawaii,2018,12/31/2018,482000
Idaho,2018,12/31/2018,563000
Illinois,2018,12/31/2018,4255000
Indiana,2018,12/31/2018,2227000
Iowa,2018,12/31/2018,1102000
Kansas,2018,12/31/2018,850000
Kentucky,2018,12/31/2018,1909000
Louisiana,2018,12/31/2018,2023000
Maine,2018,12/31/2018,494000
Maryland,2018,12/31/2018,1978000
Massachusetts,2018,12/31/2018,2499000
Michigan,2018,12/31/2018,3865000
Minnesota,2018,12/31/2018,1843000
Mississippi,2018,12/31/2018,1134000
Missouri,2018,12/31/2018,1964000
Montana,2018,12/31/2018,421000
Nebraska,2018,12/31/2018,548000
Nevada,2018,12/31/2018,1045000
New Hampshire,2018,12/31/2018,432000
New Jersey,2018,12/31/2018,2750000
New Mexico,2018,12/31/2018,1018000
New York,2018,12/31/2018,7693000
North Carolina,2018,12/31/2018,3537000
North Dakota,2018,12/31/2018,197000
Ohio,2018,12/31/2018,4323000
Oklahoma,2018,12/31/2018,1335000
Oregon,2018,12/31/2018,1627000
Pennsylvania,2018,12/31/2018,4709000
Rhode Island,2018,12/31/2018,403000
South Carolina,2018,12/31/2018,1888000
South Dakota,2018,12/31/2018,263000
Tennessee,2018,12/31/2018,2475000
Texas,2018,12/31/2018,8200000
Utah,2018,12/31/2018,667000
Vermont,2018,12/31/2018,252000
Virginia,2018,12/31/2018,2374000
Washington,2018,12/31/2018,2669000
West Virginia,2018,12/31/2018,837000
Wisconsin,2018,12/31/2018,1897000
Wyoming,2018,12/31/2018,155000
United States,2017,12/31/2017,113720000
Alabama,2017,12/31/2017,1812000
Alaska,2017,12/31/2017,248000
Arizona,2017,12/31/2017,2705000
Arkansas,2017,12/31/2017,1309000
California,2017,12/31/2017,14992000
Colorado,2017,12/31/2017,1832000
Connecticut,2017,12/31/2017,1243000
Delaware,2017,12/31/2017,345000
District of Columbia,2017,12/31/2017,247000
Florida,2017,12/31/2017,7710000
Georgia,2017,12/31/2017,3146000
Hawaii,2017,12/31/2017,483000
Idaho,2017,12/31/2017,567000
Illinois,2017,12/31/2017,4315000
Indiana,2017,12/31/2017,2198000
Iowa,2017,12/31/2017,1050000
Kansas,2017,12/31/2017,844000
Kentucky,2017,12/31/2017,1890000
Louisiana,2017,12/31/2017,1952000
Maine,2017,12/31/2017,478000
Maryland,2017,12/31/2017,1918000
Massachusetts,2017,12/31/2017,2489000
Michigan,2017,12/31/2017,3799000
Minnesota,2017,12/31/2017,1820000
Mississippi,2017,12/31/2017,1147000
Missouri,2017,12/31/2017,1944000
Montana,2017,12/31/2017,400000
Nebraska,2017,12/31/2017,525000
Nevada,2017,12/31/2017,1012000
New Hampshire,2017,12/31/2017,421000
New Jersey,2017,12/31/2017,2793000
New Mexico,2017,12/31/2017,1011000
New York,2017,12/31/2017,7766000
North Carolina,2017,12/31/2017,3491000
North Dakota,2017,12/31/2017,190000
Ohio,2017,12/31/2017,4316000
Oklahoma,2017,12/31/2017,1333000
Oregon,2017,12/31/2017,1629000
Pennsylvania,2017,12/31/2017,4641000
Rhode Island,2017,12/31/2017,397000
South Carolina,2017,12/31/2017,1833000
South Dakota,2017,12/31/2017,263000
Tennessee,2017,12/31/2017,2433000
Texas,2017,12/31/2017,8053000
Utah,2017,12/31/2017,657000
Vermont,2017,12/31/2017,273000
Virginia,2017,12/31/2017,2295000
Washington,2017,12/31/2017,2615000
West Virginia,2017,12/31/2017,852000
Wisconsin,2017,12/31/2017,1873000
Wyoming,2017,12/31/2017,161000
United States,2016,12/31/2016,112688000
Alabama,2016,12/31/2016,1762000
Alaska,2016,12/31/2016,211000
Arizona,2016,12/31/2016,2711000
Arkansas,2016,12/31/2016,1269000
California,2016,12/31/2016,15077000
Colorado,2016,12/31/2016,1786000
Connecticut,2016,12/31/2016,1234000
Delaware,2016,12/31/2016,348000
District of Columbia,2016,12/31/2016,249000
Florida,2016,12/31/2016,7629000
Georgia,2016,12/31/2016,3170000
Hawaii,2016,12/31/2016,469000
Idaho,2016,12/31/2016,543000
Illinois,2016,12/31/2016,4292000
Indiana,2016,12/31/2016,2177000
Iowa,2016,12/31/2016,1069000
Kansas,2016,12/31/2016,831000
Kentucky,2016,12/31/2016,1873000
Louisiana,2016,12/31/2016,1811000
Maine,2016,12/31/2016,480000
Maryland,2016,12/31/2016,1889000
Massachusetts,2016,12/31/2016,2459000
Michigan,2016,12/31/2016,3795000
Minnesota,2016,12/31/2016,1791000
Mississippi,2016,12/31/2016,1153000
Missouri,2016,12/31/2016,1885000
Montana,2016,12/31/2016,388000
Nebraska,2016,12/31/2016,513000
Nevada,2016,12/31/2016,1004000
New Hampshire,2016,12/31/2016,412000
New Jersey,2016,12/31/2016,2747000
New Mexico,2016,12/31/2016,985000
New York,2016,12/31/2016,7654000
North Carolina,2016,12/31/2016,3459000
North Dakota,2016,12/31/2016,193000
Ohio,2016,12/31/2016,4305000
Oklahoma,2016,12/31/2016,1329000
Oregon,2016,12/31/2016,1614000
Pennsylvania,2016,12/31/2016,4580000
Rhode Island,2016,12/31/2016,389000
South Carolina,2016,12/31/2016,1811000
South Dakota,2016,12/31/2016,263000
Tennessee,2016,12/31/2016,2442000
Texas,2016,12/31/2016,7987000
Utah,2016,12/31/2016,651000
Vermont,2016,12/31/2016,264000
Virginia,2016,12/31/2016,2252000
Washington,2016,12/31/2016,2568000
West Virginia,2016,12/31/2016,872000
Wisconsin,2016,12/31/2016,1883000
Wyoming,2016,12/31/2016,157000
United States,2015,12/31/2015,109874000
Alabama,2015,12/31/2015,1752000
Alaska,2015,12/31/2015,205000
Arizona,2015,12/31/2015,2586000
Arkansas,2015,12/31/2015,1231000
California,2015,12/31/2015,14671000
Colorado,2015,12/31/2015,1719000
Connecticut,2015,12/31/2015,1185000
Delaware,2015,12/31/2015,348000
District of Columbia,2015,12/31/2015,231000
Florida,2015,12/31/2015,7439000
Georgia,2015,12/31/2015,3096000
Hawaii,2015,12/31/2015,461000
Idaho,2015,12/31/2015,529000
Illinois,2015,12/31/2015,4288000
Indiana,2015,12/31/2015,2075000
Iowa,2015,12/31/2015,1035000
Kansas,2015,12/31/2015,811000
Kentucky,2015,12/31/2015,1827000
Louisiana,2015,12/31/2015,1658000
Maine,2015,12/31/2015,492000
Maryland,2015,12/31/2015,1860000
Massachusetts,2015,12/31/2015,2456000
Michigan,2015,12/31/2015,3738000
Minnesota,2015,12/31/2015,1764000
Mississippi,2015,12/31/2015,1167000
Missouri,2015,12/31/2015,1855000
Montana,2015,12/31/2015,335000
Nebraska,2015,12/31/2015,509000
Nevada,2015,12/31/2015,956000
New Hampshire,2015,12/31/2015,391000
New Jersey,2015,12/31/2015,2738000
New Mexico,2015,12/31/2015,955000
New York,2015,12/31/2015,7513000
North Carolina,2015,12/31/2015,3375000
North Dakota,2015,12/31/2015,179000
Ohio,2015,12/31/2015,4192000
Oklahoma,2015,12/31/2015,1290000
Oregon,2015,12/31/2015,1607000
Pennsylvania,2015,12/31/2015,4368000
Rhode Island,2015,12/31/2015,383000
South Carolina,2015,12/31/2015,1750000
South Dakota,2015,12/31/2015,255000
Tennessee,2015,12/31/2015,2335000
Texas,2015,12/31/2015,7823000
Utah,2015,12/31/2015,632000
Vermont,2015,12/31/2015,261000
Virginia,2015,12/31/2015,2222000
Washington,2015,12/31/2015,2484000
West Virginia,2015,12/31/2015,838000
Wisconsin,2015,12/31/2015,1851000
Wyoming,2015,12/31/2015,152000
United States,2014,12/31/2014,104228000
Alabama,2014,12/31/2014,1694000
Alaska,2014,12/31/2014,191000
Arizona,2014,12/31/2014,2427000
Arkansas,2014,12/31/2014,1171000
California,2014,12/31/2014,13123000
Colorado,2014,12/31/2014,1592000
Connecticut,2014,12/31/2014,1174000
Delaware,2014,12/31/2014,327000
District of Columbia,2014,12/31/2014,236000
Florida,2014,12/31/2014,7105000
Georgia,2014,12/31/2014,3013000
Hawaii,2014,12/31/2014,455000
Idaho,2014,12/31/2014,496000
Illinois,2014,12/31/2014,4128000
Indiana,2014,12/31/2014,1991000
Iowa,2014,12/31/2014,988000
Kansas,2014,12/31/2014,811000
Kentucky,2014,12/31/2014,1701000
Louisiana,2014,12/31/2014,1595000
Maine,2014,12/31/2014,499000
Maryland,2014,12/31/2014,1805000
Massachusetts,2014,12/31/2014,2369000
Michigan,2014,12/31/2014,3512000
Minnesota,2014,12/31/2014,1651000
Mississippi,2014,12/31/2014,1113000
Missouri,2014,12/31/2014,1821000
Montana,2014,12/31/2014,323000
Nebraska,2014,12/31/2014,506000
Nevada,2014,12/31/2014,860000
New Hampshire,2014,12/31/2014,358000
New Jersey,2014,12/31/2014,2537000
New Mexico,2014,12/31/2014,878000
New York,2014,12/31/2014,7187000
North Carolina,2014,12/31/2014,3254000
North Dakota,2014,12/31/2014,187000
Ohio,2014,12/31/2014,3991000
Oklahoma,2014,12/31/2014,1260000
Oregon,2014,12/31/2014,1517000
Pennsylvania,2014,12/31/2014,4131000
Rhode Island,2014,12/31/2014,374000
South Carolina,2014,12/31/2014,1714000
South Dakota,2014,12/31/2014,245000
Tennessee,2014,12/31/2014,2280000
Texas,2014,12/31/2014,7583000
Utah,2014,12/31/2014,608000
Vermont,2014,12/31/2014,259000
Virginia,2014,12/31/2014,2120000
Washington,2014,12/31/2014,2284000
West Virginia,2014,12/31/2014,805000
Wisconsin,2014,12/31/2014,1829000
Wyoming,2014,12/31/2014,150000
United States,2013,12/31/2013,98173000
Alabama,2013,12/31/2013,1655000
Alaska,2013,12/31/2013,183000
Arizona,2013,12/31/2013,2242000
Arkansas,2013,12/31/2013,1101000
California,2013,12/31/2013,11802000
Colorado,2013,12/31/2013,1394000
Connecticut,2013,12/31/2013,1103000
Delaware,2013,12/31/2013,325000
District of Columbia,2013,12/31/2013,225000
Florida,2013,12/31/2013,6733000
Georgia,2013,12/31/2013,2856000
Hawaii,2013,12/31/2013,424000
Idaho,2013,12/31/2013,473000
Illinois,2013,12/31/2013,3935000
Indiana,2013,12/31/2013,1936000
Iowa,2013,12/31/2013,946000
Kansas,2013,12/31/2013,784000
Kentucky,2013,12/31/2013,1454000
Louisiana,2013,12/31/2013,1558000
Maine,2013,12/31/2013,509000
Maryland,2013,12/31/2013,1644000
Massachusetts,2013,12/31/2013,2246000
Michigan,2013,12/31/2013,3376000
Minnesota,2013,12/31/2013,1506000
Mississippi,2013,12/31/2013,1102000
Missouri,2013,12/31/2013,1813000
Montana,2013,12/31/2013,318000
Nebraska,2013,12/31/2013,492000
Nevada,2013,12/31/2013,727000
New Hampshire,2013,12/31/2013,354000
New Jersey,2013,12/31/2013,2389000
New Mexico,2013,12/31/2013,806000
New York,2013,12/31/2013,6834000
North Carolina,2013,12/31/2013,3153000
North Dakota,2013,12/31/2013,168000
Ohio,2013,12/31/2013,3697000
Oklahoma,2013,12/31/2013,1252000
Oregon,2013,12/31/2013,1264000
Pennsylvania,2013,12/31/2013,4057000
Rhode Island,2013,12/31/2013,329000
South Carolina,2013,12/31/2013,1615000
South Dakota,2013,12/31/2013,250000
Tennessee,2013,12/31/2013,2197000
Texas,2013,12/31/2013,7364000
Utah,2013,12/31/2013,604000
Vermont,2013,12/31/2013,246000
Virginia,2013,12/31/2013,2060000
Washington,2013,12/31/2013,2018000
West Virginia,2013,12/31/2013,702000
Wisconsin,2013,12/31/2013,1805000
Wyoming,2013,12/31/2013,144000
United States,2012,12/31/2012,96136000
Alabama,2012,12/31/2012,1642000
Alaska,2012,12/31/2012,182000
Arizona,2012,12/31/2012,2199000
Arkansas,2012,12/31/2012,1055000
California,2012,12/31/2012,11427000
Colorado,2012,12/31/2012,1341000
Connecticut,2012,12/31/2012,1076000
Delaware,2012,12/31/2012,318000
District of Columbia,2012,12/31/2012,222000
Florida,2012,12/31/2012,6576000
Georgia,2012,12/31/2012,2799000
Hawaii,2012,12/31/2012,417000
Idaho,2012,12/31/2012,466000
Illinois,2012,12/31/2012,3868000
Indiana,2012,12/31/2012,1886000
Iowa,2012,12/31/2012,917000
Kansas,2012,12/31/2012,762000
Kentucky,2012,12/31/2012,1435000
Louisiana,2012,12/31/2012,1564000
Maine,2012,12/31/2012,515000
Maryland,2012,12/31/2012,1596000
Massachusetts,2012,12/31/2012,2202000
Michigan,2012,12/31/2012,3330000
Minnesota,2012,12/31/2012,1484000
Mississippi,2012,12/31/2012,1098000
Missouri,2012,12/31/2012,1817000
Montana,2012,12/31/2012,311000
Nebraska,2012,12/31/2012,489000
Nevada,2012,12/31/2012,706000
New Hampshire,2012,12/31/2012,346000
New Jersey,2012,12/31/2012,2359000
New Mexico,2012,12/31/2012,778000
New York,2012,12/31/2012,6714000
North Carolina,2012,12/31/2012,3067000
North Dakota,2012,12/31/2012,160000
Ohio,2012,12/31/2012,3680000
Oklahoma,2012,12/31/2012,1209000
Oregon,2012,12/31/2012,1249000
Pennsylvania,2012,12/31/2012,4038000
Rhode Island,2012,12/31/2012,322000
South Carolina,2012,12/31/2012,1553000
South Dakota,2012,12/31/2012,238000
Tennessee,2012,12/31/2012,2129000
Texas,2012,12/31/2012,7249000
Utah,2012,12/31/2012,589000
Vermont,2012,12/31/2012,238000
Virginia,2012,12/31/2012,1965000
Washington,2012,12/31/2012,1961000
West Virginia,2012,12/31/2012,673000
Wisconsin,2012,12/31/2012,1761000
Wyoming,2012,12/31/2012,156000
United States,2011,12/31/2011,93418000
Alabama,2011,12/31/2011,1562000
Alaska,2011,12/31/2011,177000
Arizona,2011,12/31/2011,2221000
Arkansas,2011,12/31/2011,1056000
California,2011,12/31/2011,11077000
Colorado,2011,12/31/2011,1259000
Connecticut,2011,12/31/2011,1039000
Delaware,2011,12/31/2011,302000
District of Columbia,2011,12/31/2011,208000
Florida,2011,12/31/2011,6243000
Georgia,2011,12/31/2011,2668000
Hawaii,2011,12/31/2011,400000
Idaho,2011,12/31/2011,446000
Illinois,2011,12/31/2011,3842000
Indiana,2011,12/31/2011,1861000
Iowa,2011,12/31/2011,897000
Kansas,2011,12/31/2011,734000
Kentucky,2011,12/31/2011,1431000
Louisiana,2011,12/31/2011,1521000
Maine,2011,12/31/2011,496000
Maryland,2011,12/31/2011,1526000
Massachusetts,2011,12/31/2011,2137000
Michigan,2011,12/31/2011,3306000
Minnesota,2011,12/31/2011,1454000
Mississippi,2011,12/31/2011,1053000
Missouri,2011,12/31/2011,1739000
Montana,2011,12/31/2011,290000
Nebraska,2011,12/31/2011,483000
Nevada,2011,12/31/2011,662000
New Hampshire,2011,12/31/2011,329000
New Jersey,2011,12/31/2011,2273000
New Mexico,2011,12/31/2011,772000
New York,2011,12/31/2011,6555000
North Carolina,2011,12/31/2011,2956000
North Dakota,2011,12/31/2011,167000
Ohio,2011,12/31/2011,3550000
Oklahoma,2011,12/31/2011,1180000
Oregon,2011,12/31/2011,1200000
Pennsylvania,2011,12/31/2011,3989000
Rhode Island,2011,12/31/2011,319000
South Carolina,2011,12/31/2011,1489000
South Dakota,2011,12/31/2011,232000
Tennessee,2011,12/31/2011,2101000
Texas,2011,12/31/2011,6962000
Utah,2011,12/31/2011,575000
Vermont,2011,12/31/2011,238000
Virginia,2011,12/31/2011,1909000
Washington,2011,12/31/2011,1926000
West Virginia,2011,12/31/2011,687000
Wisconsin,2011,12/31/2011,1778000
Wyoming,2011,12/31/2011,139000
United States,2010,12/31/2010,90375000
Alabama,2010,12/31/2010,1528000
Alaska,2010,12/31/2010,163000
Arizona,2010,12/31/2010,2158000
Arkansas,2010,12/31/2010,1031000
California,2010,12/31/2010,10701000
Colorado,2010,12/31/2010,1180000
Connecticut,2010,12/31/2010,998000
Delaware,2010,12/31/2010,293000
District of Columbia,2010,12/31/2010,208000
Florida,2010,12/31/2010,5974000
Georgia,2010,12/31/2010,2572000
Hawaii,2010,12/31/2010,388000
Idaho,2010,12/31/2010,418000
Illinois,2010,12/31/2010,3705000
Indiana,2010,12/31/2010,1823000
Iowa,2010,12/31/2010,886000
Kansas,2010,12/31/2010,705000
Kentucky,2010,12/31/2010,1383000
Louisiana,2010,12/31/2010,1509000
Maine,2010,12/31/2010,489000
Maryland,2010,12/31/2010,1464000
Massachusetts,2010,12/31/2010,2054000
Michigan,2010,12/31/2010,3238000
Minnesota,2010,12/31/2010,1412000
Mississippi,2010,12/31/2010,1047000
Missouri,2010,12/31/2010,1735000
Montana,2010,12/31/2010,277000
Nebraska,2010,12/31/2010,477000
Nevada,2010,12/31/2010,625000
New Hampshire,2010,12/31/2010,322000
New Jersey,2010,12/31/2010,2220000
New Mexico,2010,12/31/2010,735000
New York,2010,12/31/2010,6305000
North Carolina,2010,12/31/2010,2845000
North Dakota,2010,12/31/2010,159000
Ohio,2010,12/31/2010,3473000
Oklahoma,2010,12/31/2010,1149000
Oregon,2010,12/31/2010,1087000
Pennsylvania,2010,12/31/2010,3912000
Rhode Island,2010,12/31/2010,310000
South Carolina,2010,12/31/2010,1435000
South Dakota,2010,12/31/2010,223000
Tennessee,2010,12/31/2010,2052000
Texas,2010,12/31/2010,6682000
Utah,2010,12/31/2010,563000
Vermont,2010,12/31/2010,237000
Virginia,2010,12/31/2010,1839000
Washington,2010,12/31/2010,1860000
West Virginia,2010,12/31/2010,665000
Wisconsin,2010,12/31/2010,1718000
Wyoming,2010,12/31/2010,144000
United States,2009,12/31/2009,85956000
Alabama,2009,12/31/2009,1466000
Alaska,2009,12/31/2009,154000
Arizona,2009,12/31/2009,2121000
Arkansas,2009,12/31/2009,1006000
California,2009,12/31/2009,10083000
Colorado,2009,12/31/2009,1105000
Connecticut,2009,12/31/2009,913000
Delaware,2009,12/31/2009,269000
District of Columbia,2009,12/31/2009,210000
Florida,2009,12/31/2009,5646000
Georgia,2009,12/31/2009,2481000
Hawaii,2009,12/31/2009,352000
Idaho,2009,12/31/2009,400000
Illinois,2009,12/31/2009,3603000
Indiana,2009,12/31/2009,1707000
Iowa,2009,12/31/2009,828000
Kansas,2009,12/31/2009,683000
Kentucky,2009,12/31/2009,1343000
Louisiana,2009,12/31/2009,1406000
Maine,2009,12/31/2009,468000
Maryland,2009,12/31/2009,1349000
Massachusetts,2009,12/31/2009,1984000
Michigan,2009,12/31/2009,3109000
Minnesota,2009,12/31/2009,1328000
Mississippi,2009,12/31/2009,1006000
Missouri,2009,12/31/2009,1681000
Montana,2009,12/31/2009,263000
Nebraska,2009,12/31/2009,446000
Nevada,2009,12/31/2009,560000
New Hampshire,2009,12/31/2009,316000
New Jersey,2009,12/31/2009,2096000
New Mexico,2009,12/31/2009,691000
New York,2009,12/31/2009,6118000
North Carolina,2009,12/31/2009,2692000
North Dakota,2009,12/31/2009,148000
Ohio,2009,12/31/2009,3343000
Oklahoma,2009,12/31/2009,1094000
Oregon,2009,12/31/2009,1009000
Pennsylvania,2009,12/31/2009,3724000
Rhode Island,2009,12/31/2009,299000
South Carolina,2009,12/31/2009,1374000
South Dakota,2009,12/31/2009,223000
Tennessee,2009,12/31/2009,1970000
Texas,2009,12/31/2009,6205000
Utah,2009,12/31/2009,522000
Vermont,2009,12/31/2009,215000
Virginia,2009,12/31/2009,1756000
Washington,2009,12/31/2009,1804000
West Virginia,2009,12/31/2009,647000
Wisconsin,2009,12/31/2009,1602000
Wyoming,2009,12/31/2009,134000
United States,2008,12/31/2008,81431000
Alabama,2008,12/31/2008,1401000
Alaska,2008,12/31/2008,145000
Arizona,2008,12/31/2008,1963000
Arkansas,2008,12/31/2008,985000
California,2008,12/31/2008,9746000
Colorado,2008,12/31/2008,992000
Connecticut,2008,12/31/2008,863000
Delaware,2008,12/31/2008,248000
District of Columbia,2008,12/31/2008,191000
Florida,2008,12/31/2008,5243000
Georgia,2008,12/31/2008,2376000
Hawaii,2008,12/31/2008,323000
Idaho,2008,12/31/2008,369000
Illinois,2008,12/31/2008,3386000
Indiana,2008,12/31/2008,1618000
Iowa,2008,12/31/2008,792000
Kansas,2008,12/31/2008,659000
Kentucky,2008,12/31/2008,1328000
Louisiana,2008,12/31/2008,1382000
Maine,2008,12/31/2008,456000
Maryland,2008,12/31/2008,1252000
Massachusetts,2008,12/31/2008,1837000
Michigan,2008,12/31/2008,2923000
Minnesota,2008,12/31/2008,1231000
Mississippi,2008,12/31/2008,962000
Missouri,2008,12/31/2008,1623000
Montana,2008,12/31/2008,253000
Nebraska,2008,12/31/2008,420000
Nevada,2008,12/31/2008,528000
New Hampshire,2008,12/31/2008,292000
New Jersey,2008,12/31/2008,2016000
New Mexico,2008,12/31/2008,642000
New York,2008,12/31/2008,5881000
North Carolina,2008,12/31/2008,2520000
North Dakota,2008,12/31/2008,150000
Ohio,2008,12/31/2008,3095000
Oklahoma,2008,12/31/2008,1045000
Oregon,2008,12/31/2008,941000
Pennsylvania,2008,12/31/2008,3562000
Rhode Island,2008,12/31/2008,295000
South Carolina,2008,12/31/2008,1283000
South Dakota,2008,12/31/2008,223000
Tennessee,2008,12/31/2008,1869000
Texas,2008,12/31/2008,5845000
Utah,2008,12/31/2008,493000
Vermont,2008,12/31/2008,208000
Virginia,2008,12/31/2008,1669000
Washington,2008,12/31/2008,1685000
West Virginia,2008,12/31/2008,625000
Wisconsin,2008,12/31/2008,1467000
Wyoming,2008,12/31/2008,129000
United States,2007,12/31/2007,83031000
Alabama,2007,12/31/2007,1363000
Alaska,2007,12/31/2007,198000
Arizona,2007,12/31/2007,1932000
Arkansas,2007,12/31/2007,932000
California,2007,12/31/2007,9619000
Colorado,2007,12/31/2007,991000
Connecticut,2007,12/31/2007,896000
Delaware,2007,12/31/2007,243000
District of Columbia,2007,12/31/2007,184000
Florida,2007,12/31/2007,5251000
Georgia,2007,12/31/2007,2489000
Hawaii,2007,12/31/2007,415000
Idaho,2007,12/31/2007,382000
Illinois,2007,12/31/2007,3167000
Indiana,2007,12/31/2007,1620000
Iowa,2007,12/31/2007,784000
Kansas,2007,12/31/2007,773000
Kentucky,2007,12/31/2007,1404000
Louisiana,2007,12/31/2007,1285000
Maine,2007,12/31/2007,499000
Maryland,2007,12/31/2007,1342000
Massachusetts,2007,12/31/2007,1962000
Michigan,2007,12/31/2007,2806000
Minnesota,2007,12/31/2007,1265000
Mississippi,2007,12/31/2007,1020000
Missouri,2007,12/31/2007,1675000
Montana,2007,12/31/2007,289000
Nebraska,2007,12/31/2007,418000
Nevada,2007,12/31/2007,531000
New Hampshire,2007,12/31/2007,270000
New Jersey,2007,12/31/2007,1851000
New Mexico,2007,12/31/2007,618000
New York,2007,12/31/2007,6036000
North Carolina,2007,12/31/2007,2774000
North Dakota,2007,12/31/2007,153000
Ohio,2007,12/31/2007,2969000
Oklahoma,2007,12/31/2007,1169000
Oregon,2007,12/31/2007,957000
Pennsylvania,2007,12/31/2007,3529000
Rhode Island,2007,12/31/2007,311000
South Carolina,2007,12/31/2007,1311000
South Dakota,2007,12/31/2007,222000
Tennessee,2007,12/31/2007,2074000
Texas,2007,12/31/2007,6086000
Utah,2007,12/31/2007,500000
Vermont,2007,12/31/2007,207000
Virginia,2007,12/31/2007,2245000
Washington,2007,12/31/2007,1835000
West Virginia,2007,12/31/2007,624000
Wisconsin,2007,12/31/2007,1417000
Wyoming,2007,12/31/2007,138000
United States,2006,12/31/2006,80270000
Alabama,2006,12/31/2006,1321000
Alaska,2006,12/31/2006,204000
Arizona,2006,12/31/2006,1857000
Arkansas,2006,12/31/2006,858000
California,2006,12/31/2006,9666000
Colorado,2006,12/31/2006,1001000
Connecticut,2006,12/31/2006,940000
Delaware,2006,12/31/2006,234000
District of Columbia,2006,12/31/2006,178000
Florida,2006,12/31/2006,5107000
Georgia,2006,12/31/2006,2460000
Hawaii,2006,12/31/2006,379000
Idaho,2006,12/31/2006,392000
Illinois,2006,12/31/2006,2944000
Indiana,2006,12/31/2006,1481000
Iowa,2006,12/31/2006,812000
Kansas,2006,12/31/2006,741000
Kentucky,2006,12/31/2006,1206000
Louisiana,2006,12/31/2006,1270000
Maine,2006,12/31/2006,452000
Maryland,2006,12/31/2006,1305000
Massachusetts,2006,12/31/2006,1641000
Michigan,2006,12/31/2006,2773000
Minnesota,2006,12/31/2006,1291000
Mississippi,2006,12/31/2006,884000
Missouri,2006,12/31/2006,1605000
Montana,2006,12/31/2006,258000
Nebraska,2006,12/31/2006,433000
Nevada,2006,12/31/2006,537000
New Hampshire,2006,12/31/2006,283000
New Jersey,2006,12/31/2006,1763000
New Mexico,2006,12/31/2006,631000
New York,2006,12/31/2006,5786000
North Carolina,2006,12/31/2006,2502000
North Dakota,2006,12/31/2006,144000
Ohio,2006,12/31/2006,3253000
Oklahoma,2006,12/31/2006,1103000
Oregon,2006,12/31/2006,920000
Pennsylvania,2006,12/31/2006,3306000
Rhode Island,2006,12/31/2006,338000
South Carolina,2006,12/31/2006,1294000
South Dakota,2006,12/31/2006,221000
Tennessee,2006,12/31/2006,1908000
Texas,2006,12/31/2006,5782000
Utah,2006,12/31/2006,497000
Vermont,2006,12/31/2006,197000
Virginia,2006,12/31/2006,2048000
Washington,2006,12/31/2006,1884000
West Virginia,2006,12/31/2006,637000
Wisconsin,2006,12/31/2006,1401000
Wyoming,2006,12/31/2006,137000
United States,2005,12/31/2005,80213000
Alabama,2005,12/31/2005,1490000
Alaska,2005,12/31/2005,218000
Arizona,2005,12/31/2005,1837000
Arkansas,2005,12/31/2005,873000
California,2005,12/31/2005,9666000
Colorado,2005,12/31/2005,948000
Connecticut,2005,12/31/2005,841000
Delaware,2005,12/31/2005,239000
District of Columbia,2005,12/31/2005,179000
Florida,2005,12/31/2005,5290000
Georgia,2005,12/31/2005,2460000
Hawaii,2005,12/31/2005,417000
Idaho,2005,12/31/2005,352000
Illinois,2005,12/31/2005,3058000
Indiana,2005,12/31/2005,1464000
Iowa,2005,12/31/2005,738000
Kansas,2005,12/31/2005,704000
Kentucky,2005,12/31/2005,1236000
Louisiana,2005,12/31/2005,1163000
Maine,2005,12/31/2005,466000
Maryland,2005,12/31/2005,1370000
Massachusetts,2005,12/31/2005,1701000
Michigan,2005,12/31/2005,2635000
Minnesota,2005,12/31/2005,1159000
Mississippi,2005,12/31/2005,1009000
Missouri,2005,12/31/2005,1570000
Montana,2005,12/31/2005,273000
Nebraska,2005,12/31/2005,461000
Nevada,2005,12/31/2005,579000
New Hampshire,2005,12/31/2005,285000
New Jersey,2005,12/31/2005,1742000
New Mexico,2005,12/31/2005,662000
New York,2005,12/31/2005,5856000
North Carolina,2005,12/31/2005,2532000
North Dakota,2005,12/31/2005,158000
Ohio,2005,12/31/2005,3007000
Oklahoma,2005,12/31/2005,1120000
Oregon,2005,12/31/2005,982000
Pennsylvania,2005,12/31/2005,3306000
Rhode Island,2005,12/31/2005,315000
South Carolina,2005,12/31/2005,1228000
South Dakota,2005,12/31/2005,221000
Tennessee,2005,12/31/2005,1972000
Texas,2005,12/31/2005,5866000
Utah,2005,12/31/2005,535000
Vermont,2005,12/31/2005,209000
Virginia,2005,12/31/2005,1979000
Washington,2005,12/31/2005,1667000
West Virginia,2005,12/31/2005,609000
Wisconsin,2005,12/31/2005,1422000
Wyoming,2005,12/31/2005,141000
United States,2004,12/31/2004,79486000
Alabama,2004,12/31/2004,1386000
Alaska,2004,12/31/2004,202000
Arizona,2004,12/31/2004,1816000
Arkansas,2004,12/31/2004,914000
California,2004,12/31/2004,10069000
Colorado,2004,12/31/2004,903000
Connecticut,2004,12/31/2004,905000
Delaware,2004,12/31/2004,213000
District of Columbia,2004,12/31/2004,172000
Florida,2004,12/31/2004,5304000
Georgia,2004,12/31/2004,2289000
Hawaii,2004,12/31/2004,415000
Idaho,2004,12/31/2004,325000
Illinois,2004,12/31/2004,2980000
Indiana,2004,12/31/2004,1600000
Iowa,2004,12/31/2004,756000
Kansas,2004,12/31/2004,705000
Kentucky,2004,12/31/2004,1327000
Louisiana,2004,12/31/2004,1348000
Maine,2004,12/31/2004,482000
Maryland,2004,12/31/2004,1292000
Massachusetts,2004,12/31/2004,1647000
Michigan,2004,12/31/2004,2697000
Minnesota,2004,12/31/2004,1045000
Mississippi,2004,12/31/2004,960000
Missouri,2004,12/31/2004,1616000
Montana,2004,12/31/2004,269000
Nebraska,2004,12/31/2004,453000
Nevada,2004,12/31/2004,503000
New Hampshire,2004,12/31/2004,255000
New Jersey,2004,12/31/2004,1821000
New Mexico,2004,12/31/2004,634000
New York,2004,12/31/2004,5808000
North Carolina,2004,12/31/2004,2410000
North Dakota,2004,12/31/2004,162000
Ohio,2004,12/31/2004,2845000
Oklahoma,2004,12/31/2004,1077000
Oregon,2004,12/31/2004,893000
Pennsylvania,2004,12/31/2004,3258000
Rhode Island,2004,12/31/2004,322000
South Carolina,2004,12/31/2004,1382000
South Dakota,2004,12/31/2004,225000
Tennessee,2004,12/31/2004,1995000
Texas,2004,12/31/2004,5274000
Utah,2004,12/31/2004,456000
Vermont,2004,12/31/2004,214000
Virginia,2004,12/31/2004,1896000
Washington,2004,12/31/2004,1793000
West Virginia,2004,12/31/2004,605000
Wisconsin,2004,12/31/2004,1430000
Wyoming,2004,12/31/2004,135000
United States,2003,12/31/2003,76755000
Alabama,2003,12/31/2003,1294000
Alaska,2003,12/31/2003,216000
Arizona,2003,12/31/2003,1695000
Arkansas,2003,12/31/2003,924000
California,2003,12/31/2003,9321000
Colorado,2003,12/31/2003,963000
Connecticut,2003,12/31/2003,884000
Delaware,2003,12/31/2003,217000
District of Columbia,2003,12/31/2003,169000
Florida,2003,12/31/2003,5127000
Georgia,2003,12/31/2003,2008000
Hawaii,2003,12/31/2003,382000
Idaho,2003,12/31/2003,344000
Illinois,2003,12/31/2003,2890000
Indiana,2003,12/31/2003,1389000
Iowa,2003,12/31/2003,710000
Kansas,2003,12/31/2003,721000
Kentucky,2003,12/31/2003,1323000
Louisiana,2003,12/31/2003,1281000
Maine,2003,12/31/2003,459000
Maryland,2003,12/31/2003,1196000
Massachusetts,2003,12/31/2003,1601000
Michigan,2003,12/31/2003,2556000
Minnesota,2003,12/31/2003,1072000
Mississippi,2003,12/31/2003,996000
Missouri,2003,12/31/2003,1559000
Montana,2003,12/31/2003,279000
Nebraska,2003,12/31/2003,423000
Nevada,2003,12/31/2003,485000
New Hampshire,2003,12/31/2003,256000
New Jersey,2003,12/31/2003,1740000
New Mexico,2003,12/31/2003,658000
New York,2003,12/31/2003,5505000
North Carolina,2003,12/31/2003,2429000
North Dakota,2003,12/31/2003,175000
Ohio,2003,12/31/2003,2726000
Oklahoma,2003,12/31/2003,1050000
Oregon,2003,12/31/2003,918000
Pennsylvania,2003,12/31/2003,3282000
Rhode Island,2003,12/31/2003,309000
South Carolina,2003,12/31/2003,1269000
South Dakota,2003,12/31/2003,208000
Tennessee,2003,12/31/2003,1807000
Texas,2003,12/31/2003,5413000
Utah,2003,12/31/2003,459000
Vermont,2003,12/31/2003,201000
Virginia,2003,12/31/2003,2026000
Washington,2003,12/31/2003,1678000
West Virginia,2003,12/31/2003,641000
Wisconsin,2003,12/31/2003,1382000
Wyoming,2003,12/31/2003,142000
United States,2002,12/31/2002,73624000
Alabama,2002,12/31/2002,1231000
Alaska,2002,12/31/2002,206000
Arizona,2002,12/31/2002,1660000
Arkansas,2002,12/31/2002,961000
California,2002,12/31/2002,8702000
Colorado,2002,12/31/2002,973000
Connecticut,2002,12/31/2002,872000
Delaware,2002,12/31/2002,206000
District of Columbia,2002,12/31/2002,171000
Florida,2002,12/31/2002,4912000
Georgia,2002,12/31/2002,1811000
Hawaii,2002,12/31/2002,370000
Idaho,2002,12/31/2002,318000
Illinois,2002,12/31/2002,2730000
Indiana,2002,12/31/2002,1288000
Iowa,2002,12/31/2002,709000
Kansas,2002,12/31/2002,716000
Kentucky,2002,12/31/2002,1254000
Louisiana,2002,12/31/2002,1373000
Maine,2002,12/31/2002,429000
Maryland,2002,12/31/2002,1096000
Massachusetts,2002,12/31/2002,1643000
Michigan,2002,12/31/2002,2375000
Minnesota,2002,12/31/2002,1101000
Mississippi,2002,12/31/2002,913000
Missouri,2002,12/31/2002,1381000
Montana,2002,12/31/2002,281000
Nebraska,2002,12/31/2002,444000
Nevada,2002,12/31/2002,420000
New Hampshire,2002,12/31/2002,254000
New Jersey,2002,12/31/2002,1953000
New Mexico,2002,12/31/2002,611000
New York,2002,12/31/2002,5307000
North Carolina,2002,12/31/2002,2328000
North Dakota,2002,12/31/2002,171000
Ohio,2002,12/31/2002,2654000
Oklahoma,2002,12/31/2002,1014000
Oregon,2002,12/31/2002,948000
Pennsylvania,2002,12/31/2002,3119000
Rhode Island,2002,12/31/2002,308000
South Carolina,2002,12/31/2002,1316000
South Dakota,2002,12/31/2002,189000
Tennessee,2002,12/31/2002,1857000
Texas,2002,12/31/2002,4953000
Utah,2002,12/31/2002,440000
Vermont,2002,12/31/2002,191000
Virginia,2002,12/31/2002,1842000
Washington,2002,12/31/2002,1577000
West Virginia,2002,12/31/2002,654000
Wisconsin,2002,12/31/2002,1272000
Wyoming,2002,12/31/2002,119000
United States,2001,12/31/2001,71295000
Alabama,2001,12/31/2001,1244000
Alaska,2001,12/31/2001,197000
Arizona,2001,12/31/2001,1395000
Arkansas,2001,12/31/2001,882000
California,2001,12/31/2001,8326000
Colorado,2001,12/31/2001,860000
Connecticut,2001,12/31/2001,774000
Delaware,2001,12/31/2001,189000
District of Columbia,2001,12/31/2001,159000
Florida,2001,12/31/2001,4760000
Georgia,2001,12/31/2001,1866000
Hawaii,2001,12/31/2001,399000
Idaho,2001,12/31/2001,351000
Illinois,2001,12/31/2001,2710000
Indiana,2001,12/31/2001,1317000
Iowa,2001,12/31/2001,653000
Kansas,2001,12/31/2001,746000
Kentucky,2001,12/31/2001,1230000
Louisiana,2001,12/31/2001,1227000
Maine,2001,12/31/2001,422000
Maryland,2001,12/31/2001,1002000
Massachusetts,2001,12/31/2001,1712000
Michigan,2001,12/31/2001,2326000
Minnesota,2001,12/31/2001,906000
Mississippi,2001,12/31/2001,972000
Missouri,2001,12/31/2001,1394000
Montana,2001,12/31/2001,267000
Nebraska,2001,12/31/2001,449000
Nevada,2001,12/31/2001,414000
New Hampshire,2001,12/31/2001,286000
New Jersey,2001,12/31/2001,1956000
New Mexico,2001,12/31/2001,608000
New York,2001,12/31/2001,5289000
North Carolina,2001,12/31/2001,2390000
North Dakota,2001,12/31/2001,180000
Ohio,2001,12/31/2001,2689000
Oklahoma,2001,12/31/2001,940000
Oregon,2001,12/31/2001,873000
Pennsylvania,2001,12/31/2001,2938000
Rhode Island,2001,12/31/2001,303000
South Carolina,2001,12/31/2001,1168000
South Dakota,2001,12/31/2001,192000
Tennessee,2001,12/31/2001,1779000
Texas,2001,12/31/2001,4506000
Utah,2001,12/31/2001,382000
Vermont,2001,12/31/2001,171000
Virginia,2001,12/31/2001,1956000
Washington,2001,12/31/2001,1538000
West Virginia,2001,12/31/2001,629000
Wisconsin,2001,12/31/2001,1249000
Wyoming,2001,12/31/2001,123000
United States,2000,12/31/2000,69037000
Alabama,2000,12/31/2000,1128000
Alaska,2000,12/31/2000,188000
Arizona,2000,12/31/2000,1326000
Arkansas,2000,12/31/2000,868000
California,2000,12/31/2000,8459000
Colorado,2000,12/31/2000,922000
Connecticut,2000,12/31/2000,820000
Delaware,2000,12/31/2000,192000
District of Columbia,2000,12/31/2000,154000
Florida,2000,12/31/2000,4510000
Georgia,2000,12/31/2000,1915000
Hawaii,2000,12/31/2000,324000
Idaho,2000,12/31/2000,309000
Illinois,2000,12/31/2000,2502000
Indiana,2000,12/31/2000,1247000
Iowa,2000,12/31/2000,625000
Kansas,2000,12/31/2000,711000
Kentucky,2000,12/31/2000,1122000
Louisiana,2000,12/31/2000,1234000
Maine,2000,12/31/2000,392000
Maryland,2000,12/31/2000,1114000
Massachusetts,2000,12/31/2000,1706000
Michigan,2000,12/31/2000,2221000
Minnesota,2000,12/31/2000,883000
Mississippi,2000,12/31/2000,874000
Missouri,2000,12/31/2000,1254000
Montana,2000,12/31/2000,252000
Nebraska,2000,12/31/2000,450000
Nevada,2000,12/31/2000,417000
New Hampshire,2000,12/31/2000,272000
New Jersey,2000,12/31/2000,1837000
New Mexico,2000,12/31/2000,530000
New York,2000,12/31/2000,5079000
North Carolina,2000,12/31/2000,2201000
North Dakota,2000,12/31/2000,159000
Ohio,2000,12/31/2000,2515000
Oklahoma,2000,12/31/2000,994000
Oregon,2000,12/31/2000,844000
Pennsylvania,2000,12/31/2000,2895000
Rhode Island,2000,12/31/2000,310000
South Carolina,2000,12/31/2000,1078000
South Dakota,2000,12/31/2000,189000
Tennessee,2000,12/31/2000,1834000
Texas,2000,12/31/2000,4323000
Utah,2000,12/31/2000,433000
Vermont,2000,12/31/2000,183000
Virginia,2000,12/31/2000,1811000
Washington,2000,12/31/2000,1586000
West Virginia,2000,12/31/2000,548000
Wisconsin,2000,12/31/2000,1182000
Wyoming,2000,12/31/2000,116000
United States,1999,12/31/1999,67683000
Alabama,1999,12/31/1999,1168000
Alaska,1999,12/31/1999,173000
Arizona,1999,12/31/1999,1332000
Arkansas,1999,12/31/1999,819000
California,1999,12/31/1999,8235000
Colorado,1999,12/31/1999,882000
Connecticut,1999,12/31/1999,778000
Delaware,1999,12/31/1999,213000
District of Columbia,1999,12/31/1999,170000
Florida,1999,12/31/1999,4348000
Georgia,1999,12/31/1999,1948000
Hawaii,1999,12/31/1999,330000
Idaho,1999,12/31/1999,267000
Illinois,1999,12/31/1999,2467000
Indiana,1999,12/31/1999,1369000
Iowa,1999,12/31/1999,666000
Kansas,1999,12/31/1999,685000
Kentucky,1999,12/31/1999,1103000
Louisiana,1999,12/31/1999,1134000
Maine,1999,12/31/1999,323000
Maryland,1999,12/31/1999,1116000
Massachusetts,1999,12/31/1999,1796000
Michigan,1999,12/31/1999,2219000
Minnesota,1999,12/31/1999,1008000
Mississippi,1999,12/31/1999,805000
Missouri,1999,12/31/1999,1315000
Montana,1999,12/31/1999,235000
Nebraska,1999,12/31/1999,428000
Nevada,1999,12/31/1999,403000
New Hampshire,1999,12/31/1999,255000
New Jersey,1999,12/31/1999,1669000
New Mexico,1999,12/31/1999,530000
New York,1999,12/31/1999,5198000
North Carolina,1999,12/31/1999,1918000
North Dakota,1999,12/31/1999,181000
Ohio,1999,12/31/1999,2666000
Oklahoma,1999,12/31/1999,908000
Oregon,1999,12/31/1999,816000
Pennsylvania,1999,12/31/1999,3095000
Rhode Island,1999,12/31/1999,261000
South Carolina,1999,12/31/1999,989000
South Dakota,1999,12/31/1999,170000
Tennessee,1999,12/31/1999,1524000
Texas,1999,12/31/1999,4338000
Utah,1999,12/31/1999,348000
Vermont,1999,12/31/1999,183000
Virginia,1999,12/31/1999,1710000
Washington,1999,12/31/1999,1376000
West Virginia,1999,12/31/1999,573000
Wisconsin,1999,12/31/1999,1120000
Wyoming,1999,12/31/1999,120000
